Name,Calories,Carbohydrates,Cholesterol-Free,Fat,Fiber,Protein,Sodium
Jamie's Cranberry Spinach Salad,Medium,Low,Low,False,Low,Low,Low
Sweet Restaurant Slaw,Low,Low,Low,False,Low,Low,Low
Strawberry Spinach Salad I,High,Medium,Medium,True,Low,Low,Low
Classic Macaroni Salad,Medium,Low,Medium,False,Low,Low,Low
Red Skinned Potato Salad,High,Medium,Low,False,Low,Low,Low
Roquefort Pear Salad,High,Medium,Low,False,Medium,Low,Low
Mexican Bean Salad,Medium,Low,Medium,True,Medium,Low,Medium
Barbie's Tuna Salad,Medium,Low,Low,False,Low,Low,Low
Spinach and Strawberry Salad,Medium,Low,Low,True,Low,Low,Low
Holiday Chicken Salad,Medium,Low,Low,False,Low,Low,Low
Alyson's Broccoli Salad,High,Medium,Low,False,Low,Low,Low
Caesar Salad Supreme,Medium,Medium,Low,False,Low,Low,Low
Black Bean and Corn Salad II,Medium,Medium,Low,True,Medium,Low,Low
Antipasto Pasta Salad,High,Medium,Low,False,Low,Low,Low
Bodacious Broccoli Salad,Medium,Medium,Low,False,Low,Low,Low
Sesame Pasta Chicken Salad,Medium,Low,Low,False,Low,Low,Low
Black Bean and Couscous Salad,Medium,Low,Medium,False,Medium,Low,Low
Restaurant-Style Coleslaw I,Low,Low,Low,False,Low,Low,Low
Amish Macaroni Salad,High,Medium,Medium,False,Low,Low,Low
Adrienne's Cucumber Salad,Low,Low,Low,True,Low,Low,Low
Bacon Ranch Pasta Salad,Medium,Medium,Low,False,Low,Low,Low
Fresh Broccoli Salad,Medium,Medium,Low,False,Low,Low,Low
Delicious Egg Salad for Sandwiches,Medium,Medium,Low,False,Low,Low,Low
Greek Pasta Salad I,High,High,Medium,False,Low,Medium,Medium
Old Fashioned Potato Salad,Low,Low,Low,False,Low,Low,Low
Hot German Potato Salad III,Low,Low,Low,False,Low,Low,Low
Becky's Chicken Salad,Medium,Low,Low,False,Low,Low,Low
Quinoa Tabbouleh,Medium,Low,Medium,True,Medium,Low,Low
Authentic German Potato Salad,Low,Low,Low,False,Low,Low,Low
BLT Salad,High,Medium,Low,False,Low,Low,Low
Fruity Curry Chicken Salad,Medium,Low,Low,False,Low,Low,Low
Winter Fruit Salad with Lemon Poppyseed Dressing,Medium,Low,Low,False,Low,Low,Low
Spinach and Orzo Salad,High,Medium,Medium,False,Low,Low,Low
Broccoli and Tortellini Salad,Medium,Low,Low,False,Low,Low,Low
Mock Tuna Salad,Medium,Low,Low,False,Low,Low,Low
Egg Salad Sandwiches,High,High,Low,False,Low,Low,Low
The Best Potato Salad,Medium,Low,Low,False,Low,Low,Low
Asian Coleslaw,Low,Low,Low,True,Low,Low,Low
Corn and Black Bean Salad,Medium,Low,Low,True,Medium,Low,Low
Easy Apple Coleslaw,Low,Low,Low,False,Low,Low,Low
Ramen Coleslaw,Medium,Low,Low,True,Low,Low,Low
World's Best Potato Salad,High,Medium,Low,False,Low,Low,Low
Chicken Fiesta Salad,Medium,Low,Medium,False,Medium,Medium,Medium
Asian Chicken Salad,High,Low,Medium,False,Low,Medium,Low
Southern Potato Salad,High,Medium,Medium,False,Low,Low,Low
Seven Layer Salad,Medium,Medium,Low,False,Low,Low,Low
Winter Fruit Salad with Lemon Poppyseed Dressing,Medium,Low,Low,False,Low,Low,Low
Zesty Quinoa Salad,Medium,Low,Low,True,Medium,Low,Low
Aw-some Coleslaw,Low,Low,Low,False,Low,Low,Low
Fruited Curry Chicken Salad,Medium,Low,Low,False,Low,Low,Low
Garden Pasta Salad,High,Medium,Medium,False,Low,Low,Medium
Mom's Best Macaroni Salad,High,Medium,Medium,False,Low,Low,Low
BLT Pasta Salad,Medium,Low,Low,False,Low,Low,Low
Carol's Chicken Salad,Medium,Low,Low,False,Low,Medium,Low
Basic Chicken Salad,High,High,Low,False,Low,High,Low
Harvest Salad,Medium,Medium,Low,False,Low,Low,Low
New Red Potato Salad,Medium,Low,Low,False,Low,Low,Low
Mediterranean Quinoa Salad,Medium,Low,Low,False,Low,Medium,Low
Greek Orzo Salad,Medium,Low,Medium,False,Low,Low,Low
Strawberry and Feta Salad,Medium,Medium,Low,False,Low,Low,Low
Taco Salad I,High,High,Medium,False,Medium,Medium,Medium
Angie's Dad's Best Cabbage Coleslaw,Low,Low,Low,True,Low,Low,Low
Good for You Greek Salad,Low,Low,Low,False,Low,Low,Low
Spinach and Tortellini Salad,Medium,Low,Low,False,Low,Low,Medium
Baked Potato Salad I,High,Medium,Low,False,Low,Low,Low
Black Bean Salad,Low,Low,Low,True,Low,Low,Low
Jen's Heavenly Egg Salad,Medium,Low,Low,False,Low,Low,Low
Missy's Candied Walnut Gorgonzola Salad,Medium,Low,Low,False,Low,Low,Low
Chinese Cabbage Salad I,Medium,Low,Low,False,Low,Low,Low
Broccoli and Ramen Noodle Salad,High,Medium,Medium,True,Medium,Low,Low
Awesome Pasta Salad,Medium,Low,Low,False,Low,Low,Low
Alyson's Broccoli Salad,High,Medium,Low,False,Low,Low,Low
Mom's Cucumber Salad,Medium,Low,Low,False,Low,Low,Low
Asian Salad,Medium,Medium,Low,False,Low,Low,Low
Texas Ranch Potato Salad,Medium,Medium,Low,False,Low,Low,Low
Southwestern Pasta Salad,Medium,Low,Low,True,Low,Low,Low
Chinese Chicken Salad III,Medium,Low,Medium,False,Low,Medium,Low
Cobb Salad,High,Medium,Low,False,Low,Medium,Low
Strawberry Avocado Salad,High,High,Medium,True,Medium,Low,Low
Thai Cucumber Salad,Medium,Low,Low,True,Low,Low,Medium
Greek Garbanzo Bean Salad,Medium,Low,Low,False,Low,Low,Low
Sunday Best Fruit Salad,Low,Low,Medium,True,Low,Low,Low
Italian Confetti Pasta Salad,Medium,Medium,Low,False,Low,Low,Low
German Potato Salad,Medium,Low,Medium,False,Low,Low,Low
Chinese Napa Cabbage Salad,Medium,Medium,Low,False,Low,Low,Low
Cranberry and Cilantro Quinoa Salad,Low,Low,Low,True,Low,Low,Low
Bermuda Spinach Salad,High,Medium,Low,False,Low,Low,Low
B.L.T. Salad with Basil Mayo Dressing,High,Medium,Low,False,Low,Low,Medium
Green Salad with Cranberry Vinaigrette,Medium,Low,Low,False,Low,Low,Low
Egg Salad I,Low,Low,Low,False,Low,Low,Low
Crispy Cucumbers and Tomatoes in Dill Dressing,Low,Low,Low,True,Low,Low,Low
Amish Slaw,Medium,Low,Low,True,Low,Low,Low
Healthy Garden Salad,Medium,Low,Low,True,Medium,Low,Low
Beet Salad with Goat Cheese,Medium,Medium,Low,False,Low,Low,Low
Roasted Beets with Feta,Low,Low,Low,False,Low,Low,Low
Spring Strawberry Spinach Salad,High,High,Low,True,Low,Low,Low
Waldorf Salad II,Medium,Low,Low,False,Low,Low,Low
Insalata Caprese II,Medium,Medium,Low,False,Low,Medium,Low
Amy's Barbecue Chicken Salad,Medium,Low,Low,False,Low,Low,Low
Panzanella Salad,Medium,Low,Low,False,Low,Low,Low
Restaurant-Style Potato Salad,Medium,Low,Low,False,Low,Low,Low
Summer Corn Salad,Medium,Low,Medium,True,Low,Low,Low
Napa Cabbage Salad,High,High,Medium,False,Low,Low,Low
Strawberry Romaine Salad I,Medium,Low,Low,False,Low,Low,Low
Chrissy's Sweet 'n' Sour Tomato Salad,Medium,Low,Low,True,Low,Low,Low
"Kale, Quinoa, and Avocado Salad with Lemon Dijon Vinaigrette",Medium,Low,Low,False,Medium,Low,Low
Beautiful Salad,High,Medium,Medium,False,Low,Low,Low
Pesto Tuna Salad with Sun-Dried Tomatoes,Medium,Medium,Low,False,Low,Medium,Low
Sweet Potato Potato Salad,Medium,Low,Low,False,Low,Low,Low
Potato and Bacon Salad,Medium,Medium,Low,False,Low,Low,Low
Broccoli-Cauliflower Salad,Medium,Medium,Low,False,Low,Low,Low
Tangy Cucumber and Avocado Salad,Low,Low,Low,True,Medium,Low,Low
Creamy Spiced Coleslaw,Medium,Low,Low,False,Low,Low,Low
Sue's Taco Salad,High,Medium,Low,False,Low,Medium,Low
Steak Salad,High,Medium,Low,False,Low,Medium,Low
"Tomato, Basil, and Feta Salad",Low,Low,Low,False,Low,Low,Low
Parmesan and Basil Chicken Salad,High,High,Low,False,Low,Medium,Low
Sun-Dried Tomato Basil Orzo,Medium,Low,Medium,False,Low,Low,Low
Spinach Pasta Salad,Medium,Low,Medium,False,Low,Low,Medium
Cucumber Sunomono,Low,Low,Low,True,Low,Low,Low
Awesome Ham Pasta Salad,High,Medium,Medium,False,Low,Medium,Medium
Cheesy Potato Salad,High,Medium,Medium,False,Low,Low,Low
Easy Arugula Salad,Medium,Low,Low,False,Low,Low,Low
Caribbean Sweet Potato Salad,Medium,Low,Low,True,Low,Low,Low
Ali's Greek Tortellini Salad,High,Medium,Low,False,Low,Medium,Low
Tuna Fish Salad ,Medium,Low,Low,False,Low,Low,Low
Yummy Bok Choy Salad,High,Medium,Low,True,Low,Low,Low
"Curried Cashew, Pear, and Grape Salad",Medium,Medium,Low,False,Low,Low,Low
Chickpea Salad with Red Onion and Tomato,Medium,Low,Low,True,Medium,Low,Low
Italian Pasta Salad I,Medium,Low,Low,False,Low,Low,Low
Grilled Chicken Salad with Seasonal Fruit,High,Medium,Low,False,Low,Medium,Low
Orzo and Tomato Salad with Feta Cheese,Medium,Low,Low,False,Low,Low,Low
Mandarin Almond Salad,Medium,Low,Low,True,Low,Low,Low
Greek Pasta Salad,Medium,Low,Low,False,Low,Low,Low
Refreshing Cucumber Salad,Low,Low,Low,False,Low,Low,Low
"Orange, Walnut, Gorgonzola and Mixed Greens Salad with Fresh Citrus Vinaigrette",Medium,Medium,Low,False,Low,Low,Low
Awesome Bow Tie Pasta,Medium,Low,Medium,False,Low,Low,Low
Octoberfest German Potato Salad,Medium,Low,Medium,False,Low,Low,Low
The Best Chicken Salad Ever,Low,Low,Low,False,Low,Low,Low
American Potato Salad,Medium,Low,Medium,False,Low,Low,Low
Feta Chicken Salad,High,Medium,Low,False,Low,High,Low
"Tomato, Cucumber and Red Onion Salad with Mint",Low,Low,Low,True,Low,Low,Low
Tropical Salad with Pineapple Vinaigrette,Medium,Low,Low,False,Low,Low,Low
Cherry Tomato Salad,Medium,Medium,Low,True,Low,Low,Low
Mom's Cucumbers,Low,Low,Low,True,Low,Low,Low
California Coleslaw,Medium,Low,Low,True,Low,Low,Low
Chicken Caesar Pasta,High,Low,Medium,False,Low,Medium,Low
Restaurant-Style Coleslaw II,Low,Low,Low,False,Low,Low,Low
Asian Chicken Noodle Salad,High,High,Medium,False,Low,Medium,Low
Greek Salad I,Medium,Low,Low,False,Low,Low,Low
Mandarin Chicken Pasta Salad,High,Low,Medium,False,Low,Medium,Low
Oriental Cold Noodle Salad,Medium,Low,Medium,True,Low,Low,Low
Antipasto Salad,High,Medium,Low,False,Low,Low,Low
Mad Hatter Salad,Medium,Medium,Low,False,Low,Low,Low
Angel's Chunky Chicken Salad,Medium,Low,Low,False,Low,Low,Low
Mexican Bean and Rice Salad,Low,Low,Low,True,Low,Low,Low
Pear and Blue Cheese Salad,Medium,Medium,Low,False,Low,Low,Low
Tortellini Bacon Broccoli Salad,Medium,Low,Low,False,Low,Low,Low
Frog Eye Salad,High,Low,High,False,Low,Low,Low
Black Bean and Corn Salad I,Medium,Low,Medium,True,Medium,Low,Low
Broccoli Salad I,High,Medium,Low,False,Low,Low,Low
Apple Walnut Salad with Cranberry Vinaigrette,Medium,Medium,Low,True,Low,Low,Low
Seafood Pasta Salad,High,Low,Medium,False,Low,Low,Low
Almond Mandarin Salad,Medium,Low,Low,False,Low,Low,Low
Taco Salad III,High,High,Medium,False,Medium,Medium,Medium
Sweet and Crunchy Salad,High,Medium,High,False,Low,Low,Low
Tabbouleh III,Medium,Low,Low,True,Low,Low,Low
Mediterranean Greek Salad,Low,Low,Low,False,Low,Low,Low
Garlic Broccoli,Low,Low,Low,False,Low,Low,Low
Mama's Potato Salad,Medium,Low,Low,False,Low,Low,Low
Fabulous Fruit Salad,Medium,Low,Low,False,Low,Low,Low
Hot 'n' Spicy Buffalo Chicken Salad,High,Medium,Low,False,Low,High,Medium
Avocado Salad,Low,Low,Low,True,Low,Low,Low
American-Italian Pasta Salad,Medium,Low,Low,False,Low,Low,Low
New Wife Tuna Salad,Medium,Low,Low,False,Low,Low,Low
Mid-Summer Italian Bread Salad,High,Low,Medium,True,Low,Low,Low
Red Potato Salad,Low,Low,Low,False,Low,Low,Low
Three Bean Salad,Low,Low,Low,True,Low,Low,Low
Bacon Ranch Pea Salad,Medium,Medium,Low,False,Low,Low,Low
Red Bean Salad with Feta and Peppers,Medium,Low,Low,False,Medium,Low,Low
Allison's Pasta Salad,Medium,Medium,Low,False,Low,Low,Low
Red Broccoli Salad,Medium,Medium,Low,False,Low,Low,Low
Roasted Yam and Kale Salad,Medium,Low,Medium,True,Medium,Low,Low
Crab Salad III,Medium,Low,Low,False,Low,Low,Low
Rainbow Pasta Salad I,High,Medium,Low,False,Low,Low,Medium
Kim's Macaroni Salad,Medium,Low,Low,False,Low,Low,Low
Summer Potato Salad,Medium,Low,Low,False,Low,Low,Low
Cucumber Slices With Dill,Low,Low,Low,True,Low,Low,Low
Zesty Coleslaw,Medium,Low,Low,False,Low,Low,Low
Best Chicken Pasta Salad,High,Medium,Medium,False,Low,Medium,Low
Tuna Macaroni Salad,High,Medium,Medium,False,Low,Low,Low
"Chicken Salad with Bacon, Lettuce, and Tomato",High,Medium,Low,False,Low,Medium,Low
Shrimply Delicious Shrimp Salad,Medium,Medium,Low,False,Low,Medium,Low
Buttermilk Coleslaw,Medium,Medium,Low,False,Low,Low,Low
Chicken Cashew Salad,High,Low,Medium,False,Low,Medium,Low
Cashew Avocado Chicken Salad,High,Medium,Low,False,Low,High,Medium
Cold Tuna Macaroni Salad,High,Low,Medium,False,Low,Medium,Low
California Salad Bowl,Medium,Medium,Low,False,Low,Low,Low
Cold Macaroni and Tuna Salad,Medium,Low,Medium,False,Low,Medium,Low
"Asparagus, Feta and Couscous Salad",High,Low,High,False,Medium,Medium,Low
Perfect Summer Fruit Salad,Low,Low,Medium,True,Low,Low,Low
Bud's Potato Salad,Medium,Low,Medium,False,Low,Low,Low
Marinated Cherry Tomato Salad,Low,Low,Low,True,Low,Low,Low
Mexican Cucumber Salad,Low,Low,Low,True,Low,Low,Low
Cornbread Salad I,High,Medium,Medium,False,Low,Low,Medium
Potato Salad I,Medium,Low,Medium,False,Low,Low,Low
Ramen Cabbage Salad,Medium,Low,Low,False,Low,Low,Low
Broccoli Coleslaw,High,Medium,Low,True,Low,Low,Low
Caribbean Chicken Salad,High,Low,Medium,False,Low,Medium,Medium
Great Green Salad,Medium,Medium,Low,False,Low,Low,Low
Kale and Quinoa Salad,High,Medium,Medium,False,Low,Low,Low
Classic Tossed Salad,Low,Low,Low,False,Low,Low,Low
Field Salad,High,Medium,Low,False,Low,Low,Low
Betsy's Mandarin Orange Salad,Medium,Medium,Low,True,Low,Low,Low
"Greek Pasta Salad with Shrimp, Tomatoes, Zucchini, Peppers, and Feta",High,Medium,Medium,False,Low,Medium,High
Avocado and Tomato Salad,Medium,Medium,Low,True,Medium,Low,Low
Rainbow Pasta Salad II,Medium,Low,Medium,True,Low,Low,Low
P.J.'s Fresh Corn Salad,Low,Low,Low,True,Low,Low,Low
Strawberry Spinach Salad II,High,Medium,Medium,True,Low,Low,Low
Insalata Caprese I,High,Medium,Low,False,Low,Medium,Low
"Tortellini, Steak, and Caesar",High,Medium,Medium,False,Medium,Medium,Medium
Blue Cheese Potato Salad,High,Medium,Low,False,Low,Low,Low
Barb's Broccoli-Cauliflower Salad,High,Medium,Low,False,Low,Low,Low
Almost Eggless Egg Salad,Medium,Low,Low,False,Low,Medium,Low
Pasta Salad with Homemade Dressing,High,Medium,Low,False,Low,Low,Low
Spinach Basil Pasta Salad,Medium,Low,Low,False,Medium,Low,Low
Garlicky Quinoa and Garbanzo Bean Salad,Medium,Low,Low,True,Low,Low,Low
Party-Size Greek Couscous Salad,Low,Low,Low,False,Low,Low,Low
Best Ever Pasta Salad,High,Medium,Low,False,Low,Low,Low
BBQ Chicken Salad,Low,Low,Low,False,Low,Low,Low
Tomato Cucumber Salad,Low,Low,Low,True,Low,Low,Low
Cilantro Tomato Corn Salad,Low,Low,Low,False,Low,Low,Low
Curry Chicken Salad,Low,Low,Low,False,Low,Low,Low
Fatoosh,Low,Low,Low,True,Low,Low,Low
Simple Macaroni Salad,High,Medium,Medium,False,Low,Low,Low
Autumn Apple Salad II,Low,Low,Medium,False,Low,Low,Low
Cheddar and Macaroni Salad,Medium,Low,Low,False,Low,Low,Low
Awesome Egg Salad with a Kick,Low,Low,Low,False,Low,Low,Low
Green Bean and Potato Salad,Low,Low,Low,True,Low,Low,Low
Nana's Southern Coleslaw,Low,Low,Low,False,Low,Low,Low
THE Pasta Salad,High,Medium,Low,False,Low,Medium,Low
Owen's Mozzarella and Tomato Salad,Medium,Medium,Low,False,Low,Medium,Low
Crab Ceviche,Low,Low,Low,False,Low,Low,Low
Three Bean Salad,Low,Low,Low,True,Low,Low,Low
Couscous and Cucumber Salad,Low,Low,Low,True,Low,Low,Low
Southern Dill Potato Salad,Medium,Medium,Low,False,Low,Low,Low
Mediterranean Lentil Salad,Low,Low,Low,True,Low,Low,Low
Zesty Tuna Salad,Low,Low,Low,False,Low,Medium,Low
Mexican Cornbread Salad,High,Medium,Medium,False,Medium,Medium,Medium
California Roll Salad,Medium,Low,Low,False,Low,Low,Low
Broccoli Salad IV,Medium,Low,Low,False,Low,Low,Low
Jim's Macaroni Salad,High,Medium,Medium,False,Low,Low,Low
Old Fashioned Macaroni Salad,Medium,Medium,Low,False,Low,Low,Low
Korean Cucumber Salad,Low,Low,Low,True,Low,Low,Low
Tangy Dill Potato Salad,Medium,Low,Low,False,Low,Low,Low
"Red, White and Blue Slaw Salad",Medium,Low,Low,False,Low,Low,Low
Avocado Egg Salad,Medium,Medium,Low,False,Low,Low,Low
Roasted Carrot Salad,Medium,Low,Low,False,Low,Low,Low
Spinach Salad with Warm Bacon-Mustard Dressing,High,Medium,Medium,False,Low,High,Low
Hawaiian Chicken Salad,High,Medium,Low,False,Low,Medium,Low
Taco Salad II,High,Medium,Low,False,Low,Medium,Low
Fresh Spinach Salad,High,Medium,Low,False,Low,Low,Low
Rosie's Bok Choy Salad,Medium,Medium,Low,True,Low,Low,Low
Coleslaw I,Medium,Medium,Low,False,Low,Low,Low
Quinoa Vegetable Salad,Low,Low,Low,True,Low,Low,Low
Chinese Broccoli Slaw,Medium,Medium,Low,False,Low,Low,Low
Tangy Poppy Seed Fruit Salad,Low,Low,Medium,True,Low,Low,Low
Balsamic Pea Salad,Medium,Low,Low,False,Low,Low,Low
Spicy Southwestern Slaw,Low,Low,Low,True,Low,Low,Low
Deep Dish Layered Salad,Medium,Medium,Low,False,Low,Low,Low
Outrageous Caesar Salad,High,Medium,Medium,False,Low,Medium,Medium
Easy Seven Layer Vegetable Salad,Medium,Medium,Low,False,Low,Low,Low
Best Bean Salad,Low,Low,Low,True,Low,Low,Low
Southwestern Quinoa Salad,Low,Low,Low,False,Low,Low,Low
Chickpea Salad II,Low,Low,Low,False,Low,Low,Low
Acini di Pepe Salad,High,Low,High,False,Low,Low,Low
Cranberry Waldorf,Low,Low,Low,False,Low,Low,Low
"Penne, Tomato, and Mozzarella Salad",Medium,Low,Medium,False,Low,Low,Low
Spinach and Mushroom Salad,Low,Low,Low,False,Low,Low,Low
Southwestern Roasted Corn Salad,Medium,Low,Low,True,Low,Low,Low
Sesame Noodle Salad,Medium,Low,Medium,True,Low,Low,Low
Greek Salad III,Low,Low,Low,False,Low,Low,Low
Macaroni Salad,High,Medium,Medium,False,Low,Low,Low
Crab Salad,High,Medium,Low,False,Low,High,Medium
Kidney Bean Salad,Medium,Low,Low,False,Medium,Low,Low
Best Ever Tuna Salad,Low,Low,Low,False,Low,Low,Low
Tortellini Salad,High,Medium,Low,False,Low,Low,Low
Tortellini Salad I,Medium,Low,Low,False,Low,Low,Low
Sweet and Tart Strawberry Salad,Low,Low,Low,True,Low,Low,Low
Sweet Pasta Salad,High,Medium,Medium,False,Low,Low,Low
Santa Fe Rice Salad,Medium,Low,Low,False,Low,Low,Low
Thai Noodle Salad,Low,Low,Low,False,Low,Low,Low
Byrdhouse Marinated Tomatoes and Mushrooms,Low,Low,Low,True,Low,Low,Low
Crunchy Turkey Salad,Medium,Low,Low,False,Low,Low,Low
Quick Greek Pasta Salad with Steak,High,Medium,Medium,False,Medium,Medium,Low
"Strawberry, Kiwi, and Spinach Salad",Low,Low,Low,True,Low,Low,Low
Garlicky Beet Delight,Low,Low,Low,True,Low,Low,Low
Spinach Salad with Peaches and Pecans,Medium,Low,Low,False,Low,Low,Low
Refreshing Summer Orzo Salad,High,Medium,Medium,False,Low,Medium,Low
Dad's Asian Slaw,Medium,Low,Medium,False,Low,Low,Low
Shrimp Couscous Salad,High,Medium,Low,False,Low,Medium,Low
"Quinoa, Beet, and Arugula Salad",Medium,Medium,Low,False,Low,Low,Low
Mendocino Chicken Salad,Medium,Medium,Low,False,Low,Low,Low
Spaghetti Salad I,Medium,Low,Low,False,Low,Low,Low
Simple Southwestern Chicken Salad,High,High,Low,False,Low,Medium,Medium
Apple Avocado Salad with Tangerine Dressing,Low,Low,Low,False,Low,Low,Low
Blackberry Spinach Salad,Low,Low,Low,False,Low,Low,Low
Best Chicken Salad Ever I,Medium,Low,Low,False,Low,Low,Low
Three Bean Salad,Low,Low,Low,True,Low,Low,Low
Tuna Salad With Fresh Dill,Low,Low,Low,False,Low,Low,Low
Rachel's Cranberry Chicken Salad,Medium,Medium,Low,False,Low,Low,Low
Dave's Coleslaw,Medium,Low,Low,False,Low,Low,Low
Watermelon Summer Salad,Low,Low,Low,False,Low,Low,Low
Amazing Brown Rice Salad,Medium,Low,Medium,True,Low,Low,Low
Black-Eyed Pea Salad,Low,Low,Low,True,Low,Low,Low
Carmel's Crunchy Pea Salad,Medium,Low,Low,False,Low,Low,Low
Greek Pasta Salad III,Low,Low,Low,False,Low,Low,Low
Sharese's Spaghetti Salad,Medium,Low,Low,False,Low,Low,Low
Egg Salad III,Medium,Medium,Low,False,Low,Low,Low
Wedge Salad with Elegant Blue Cheese Dressing,Medium,Medium,Low,False,Low,Low,Low
"Black Bean, Corn, and Tomato Salad with Feta Cheese",Medium,Low,Low,False,Low,Low,Low
Chicken Salad Spread,Low,Low,Low,False,Low,Low,Low
Fancy Chicken Salad,Low,Low,Low,False,Low,Medium,Low
Texas Coleslaw,Medium,Low,Low,False,Low,Low,Low
Tomato Cucumber Salad II,Low,Low,Low,False,Low,Low,Low
Jayme's Coleslaw,Low,Low,Low,False,Low,Low,Low
Tex-Mex Quinoa Salad,Medium,Low,Low,False,Low,Low,Low
Quick Tuna Salad,Low,Low,Low,False,Low,Low,Low
Curried Quinoa Salad with Mango,Low,Low,Low,False,Low,Low,Low
Grilled Chicken and Pasta Salad,High,Low,Medium,False,Low,High,Low
Chinese Cold Pasta Salad,Medium,Low,Medium,True,Low,Low,Low
Almond Chicken Salad,Medium,Low,Low,False,Low,Medium,Low
Wilted Spinach Salad,Medium,Low,Low,False,Low,Low,Low
Sesame Broccoli Salad,Low,Low,Low,True,Low,Low,Low
Salad with Artichokes,Medium,Low,Low,False,Low,Low,Low
Spring Salad,High,Medium,Low,False,Low,Low,Low
Cherry Chicken Salad,Medium,Low,Low,False,Low,Medium,Low
Carrot and Raisin Salad II,Medium,Low,Medium,False,Low,Low,Low
Spicy Mexican Salad,High,Medium,Low,False,Low,Low,Low
Ham Salad II,Medium,Medium,Low,False,Low,Low,Medium
Tangy Pear and Blue Cheese Salad,High,High,Medium,False,Low,Low,Medium
Kerry's Beany Salad,Medium,Low,Medium,True,Medium,Low,Low
Very Easy Fruit Salad,Low,Low,Low,True,Low,Low,Low
Red Potato Salad with Sour Cream and Chives,Low,Low,Medium,False,Low,Low,Low
Annie's Turkey Salad,Medium,Low,Low,False,Low,Medium,Low
Chicken Salad Balsamic,Medium,Medium,Low,False,Low,Medium,Low
Spinach Pomegranate Salad,Medium,Low,Low,False,Low,Low,Low
Simple Pasta Salad,Medium,Low,Low,False,Low,Low,Low
Cranberry Pecan Salad,High,Medium,Low,False,Low,Low,Low
Turkey Salad,Low,Low,Low,False,Low,Low,Low
Cranberry Waldorf,Low,Low,Low,False,Low,Low,Low
Easy and Fast Cajun Chicken Caesar Salad,Medium,Medium,Low,False,Low,Medium,Low
Greek Pasta Salad with Roasted Vegetables and Feta,High,Low,Medium,False,Medium,Low,Low
Moroccan Lentil Salad,Low,Low,Low,True,Medium,Low,Low
Spicy Italian Salad,Medium,Low,Low,False,Low,Low,Low
Cornbread Salad,High,Medium,Low,False,Low,Low,Medium
Super Summer Kale Salad,Medium,Low,Medium,True,Low,Low,Low
Romaine Rice Tuna Salad,High,Low,High,False,Low,Medium,Low
Thai Beef Salad,Medium,Low,Low,False,Low,Low,Low
Rice A Roni Salad,Medium,Low,Low,False,Low,Low,Low
Tabbouleh I,Low,Low,Low,True,Low,Low,Low
Chicken Noodle Salad with Peanut-Ginger Dressing,High,Low,Medium,False,Low,Medium,Low
Tara's Sweet and Chunky Chicken Salad,Medium,Low,Low,False,Low,Low,Low
Bacon and Macaroni Salad,High,Medium,Low,False,Low,Low,Low
Baby Greens with a Warm Gorgonzola Dressing,Medium,Medium,Low,False,Low,Low,Low
Israeli Salad,Medium,Low,Low,True,Low,Low,Medium
Tuna Pasta Salad with Dill,Medium,Low,Low,False,Low,Low,Low
Cucumber and Tomato Salad,Low,Low,Low,True,Low,Low,Low
Garbanzo Bean Salad,Medium,Low,Low,False,Low,Low,Low
Chinese Cabbage Salad II,High,Medium,Low,True,Low,Low,Low
Texas Slaw,Medium,Low,Low,False,Low,Low,Low
Italian Leafy Green Salad,Low,Low,Low,True,Low,Low,Low
Chinese-Style Broccoli Salad,Low,Low,Low,True,Low,Low,Medium
Grilled Mustard Potato Salad,Medium,Low,Medium,True,Low,Low,Low
Tofu Salad,Low,Low,Low,True,Low,Low,Low
Shrimp Avocado Pasta Salad,High,Medium,Medium,False,Low,Medium,Low
My Mom's Good Old Potato Salad,High,High,Medium,False,Medium,Low,Low
Spinach Salad I,High,Medium,Low,False,Low,Low,Low
Three Bean Salad I,Medium,Low,Low,False,Low,Low,Low
Blue Cheese Coleslaw,Low,Low,Low,False,Low,Low,Low
Charlotte's Tortellini Salad,Medium,Low,Low,False,Low,Low,Low
Angel Hair Pasta Salad,High,Medium,Medium,False,Low,Low,Low
Lap Salad,Low,Low,Low,False,Low,Low,Low
Lazy Katie's Taco Salad,High,Medium,Low,False,Low,Medium,Low
Cindy's Coleslaw,Medium,Low,Low,False,Low,Low,Low
Avocado and Tuna Tapas,Medium,Low,Low,False,Medium,Medium,Low
Coleslaw,Low,Low,Low,True,Low,Low,Low
Curried Chicken Salad,Medium,Medium,Low,False,Low,Low,Low
Caesar Salad I,High,Medium,Low,False,Low,Low,Low
Fresh Tomato Salad,Low,Low,Low,True,Low,Low,Low
Spinach Salad With Berries and Curry Dressing,Low,Low,Low,True,Low,Low,Low
Cinnamon-Curry Tuna Salad,Low,Low,Low,False,Low,Medium,Low
Lettuce with Hot Bacon Dressing,Low,Low,Low,False,Low,Low,Low
Salsa Pasta Salad,Low,Low,Low,True,Low,Low,Low
Kathy's Delicious Italian Pasta Salad,High,High,Medium,False,Low,Medium,Medium
Pasta Salad,Medium,Medium,Medium,False,Low,Low,Medium
Carrot Salad,Low,Low,Low,True,Low,Low,Low
Tomato and Avocado Salad,Medium,Low,Low,True,Low,Low,Low
Asparagus and Smoked Salmon Salad,Low,Low,Low,False,Low,Low,Low
Steak Salad (Ranen Salad),High,Medium,Low,False,Low,High,Low
Twenty-Four Hour Salad,High,High,Low,False,Low,Low,Low
Vietnamese Rice-Noodle Salad,High,Low,High,True,Low,Low,Low
Tuna Salad with Cranberries,Low,Low,Low,False,Low,Medium,Low
Quinoa Salad with Dried Fruit and Nuts,Medium,Low,Low,True,Low,Low,Low
Tomato Cucumber Salad with Mint,Low,Low,Low,True,Low,Low,Low
Spinach Salad with Pepper Jelly Dressing,Medium,Medium,Low,False,Low,Low,Low
Dill Potato Salad,Medium,Low,Low,False,Low,Low,Low
Super Seven Spinach Salad,Low,Low,Low,False,Low,Low,Low
Mojito Fruit Salad,Low,Low,Low,True,Low,Low,Low
Creamy Coleslaw,Low,Low,Low,False,Low,Low,Low
Amish Potato Salad,High,Medium,Medium,False,Low,Low,Low
Creamy Cauliflower Salad,Medium,Medium,Low,False,Low,Low,Low
Kale and Feta Salad,Low,Low,Low,False,Low,Low,Low
Baked Potato Salad II,High,Medium,Medium,False,Low,Medium,Medium
Crab Salad,Medium,Medium,Low,False,Low,Low,Low
Shanghai Noodle Salad,Medium,Low,Medium,True,Low,Low,Medium
Quinoa Veggie Salad with Zesty Vinaigrette,Medium,Low,Low,True,Low,Low,Low
Red Cabbage Salad II,Medium,Low,Low,True,Low,Low,Low
Crab and Pea Salad,High,Medium,Low,False,Low,Medium,Medium
Ranch Pasta Salad,High,High,Medium,False,Low,Medium,Medium
Wilted Lettuce Salad,Low,Low,Low,False,Low,Low,Low
Purple Apple Slaw,Low,Low,Low,False,Low,Low,Low
Sauerkraut Salad,High,Medium,Medium,True,Low,Low,Low
Greek Pasta Salad,Medium,Low,Medium,True,Low,Low,Low
Broccoli Slaw,Medium,Low,Low,False,Low,Low,Low
Cucumbers in Sour Cream,Low,Low,Low,False,Low,Low,Low
Winter Blossom's Often Requested Ham Salad,Medium,Low,Low,False,Low,Low,Low
White Bean and Artichoke Salad,Medium,Low,Low,True,Low,Low,Low
Bulgur Chickpea Salad,Medium,Low,Low,True,Medium,Low,Low
Chickpea Macaroni Salad,High,Medium,Medium,False,Medium,Low,Medium
Salmon Salad,Low,Low,Low,False,Low,Medium,Low
Cilantro Cucumber Salad,Low,Low,Low,True,Low,Low,Low
Bob's Bean Salad,Medium,Low,Low,False,Medium,Low,Low
Super Easy Spinach and Red Pepper Salad,Low,Low,Low,False,Low,Low,Low
Blueberry Walnut Salad,Low,Low,Low,False,Low,Low,Low
Caesar Salad II,Medium,Low,Low,False,Low,Low,Low
Chicken Salad Al La Barbara,Medium,Low,Medium,False,Low,Low,Low
Chicken Pasta Salad II,High,Medium,Low,False,Low,Low,Low
One - Two - Three - Mexican Macaroni Salad,Medium,Low,Medium,False,Low,Low,Low
Quick Mediterranean Pasta,Low,Low,Low,True,Low,Low,Low
Spaghetti Salad III,High,Medium,Medium,False,Low,Low,Low
Pecan Crusted Chicken Salad,High,High,Medium,False,Medium,High,Medium
Apple Almond Crunch Salad,Low,Low,Low,False,Low,Low,Low
Aloha Coleslaw,Medium,Low,Low,False,Low,Low,Low
Chicken Strawberry Spinach Salad with Ginger-Lime Dressing,Medium,Low,Low,False,Low,Low,Low
Spicy Black Bean Potato Salad,High,Medium,Low,False,Low,Low,Low
Spinach Caprese Salad,High,Medium,Low,False,Low,Medium,Low
Magical Egg Salad,Medium,Medium,Low,False,Low,Low,Low
Steak and Spinach Salad,High,Medium,Low,False,Low,High,Low
Corn Chip Salad,High,Medium,Medium,False,Medium,Medium,Low
Mexican Salad,Medium,Low,Low,True,Medium,Low,Low
Green Bean Blue Cheese Salad,High,Medium,Low,False,Low,Low,Low
Mashed Potato Salad,High,Low,Medium,False,Low,Low,Low
Cucumber Salad I,Low,Low,Low,True,Low,Low,Low
Santa Fe Chicken Salad,High,High,Medium,False,Medium,High,Medium
Raw Vegetable Salad,Medium,Low,Low,False,Low,Low,Low
"Mandarin Orange, Gorgonzola and Almond Delight",Medium,Low,Low,False,Low,Low,Low
Quick Artichoke Pasta Salad,Low,Low,Low,True,Low,Low,Low
Cottage Cheese Salad,Low,Low,Low,False,Low,Low,Low
Marinated Beet Salad,Low,Low,Low,True,Low,Low,Low
Tabbouleh II,Low,Low,Low,True,Low,Low,Low
Ramen Noodle Salad,Medium,Low,Low,False,Low,Low,Low
Tomato-Mint Quinoa Salad,Medium,Low,Medium,True,Medium,Low,Low
Raw Veggie Picnic Salad,Medium,Medium,Low,False,Low,Low,Low
Cauliflower Salad,Medium,Medium,Low,False,Low,Low,Low
Asian Cucumber Salad,Low,Low,Low,True,Low,Low,Low
Orange Romaine Salad,Medium,Low,Low,True,Low,Low,Low
Eat Michigan Salad,Medium,Low,Low,False,Low,Low,Low
Amelia's Tuna Macaroni Salad,High,Medium,Medium,False,Low,Medium,Low
Tortellini Pesto Salad,Medium,Medium,Low,False,Low,Low,Low
Cucumber and Dill Pasta Salad,Low,Low,Low,False,Low,Low,Low
Seafood And Cabbage Salad,Low,Low,Low,False,Low,Low,Low
A Different Carrot Raisin Salad,Medium,Medium,Low,False,Low,Low,Low
Fugi Salad,Medium,Medium,Low,False,Low,Low,Low
Mediterranean Chickpea Salad II,Low,Low,Low,True,Low,Low,Low
Fresh Mozzarella Pasta Salad,Medium,Low,Medium,False,Low,Low,Low
Picnic Potato Salad with No Mayonnaise,Medium,Low,Low,False,Low,Low,Low
Roasted Red Potato Salad,High,Medium,Medium,False,Low,Low,Low
Honey-Mustard Macaroni Salad,High,Medium,Low,False,Low,Low,Low
Romaine and Mandarin Orange Salad with Poppy Seed Dressing,High,Medium,Low,False,Low,Low,Low
Smoked Salmon and Egg Salad,Medium,Medium,Low,False,Low,Low,Low
Spicy Sweet Potato Salad,Medium,Low,Low,False,Low,Low,Low
Mediterranean Potato Salad,Low,Low,Low,False,Low,Low,Low
Salad with Prosciutto and Caramelized Pears and Walnuts,High,Medium,Medium,False,Low,Low,Low
Spinach-And-Berries Salad With Non-Fat Curry Dressing,Low,Low,Low,True,Low,Low,Low
"Asian Pasta Salad with Beef, Broccoli and Bean Sprouts",High,Low,Medium,False,Low,Medium,High
Best Macaroni Salad,High,Low,Medium,False,Low,Low,Low
Lemony Cucumbers,Low,Low,Low,True,Low,Low,Low
Spicy Strawberry Salad,Medium,Medium,Low,True,Low,Low,Low
Green Bean Salad,Medium,Low,Medium,True,Low,Low,Low
Super Duper Bean Salad,High,Low,Medium,True,Medium,Low,Low
Cucumbers And Egg Salad,Low,Low,Low,False,Low,Low,Low
Chinese Cabbage Salad,Low,Low,Low,False,Low,Low,Low
Dennie's Fresh Lobster Salad,Medium,Low,Low,False,Low,Medium,Low
Pizza Salad II,Medium,Low,Low,False,Low,Low,Low
Restaurant-Style House Salad,Medium,Medium,Low,False,Low,Low,Low
Avocado-Shrimp Salad,Medium,Low,Low,False,Medium,Medium,Low
Strawberry-Mango Mesclun Salad,Medium,Low,Low,True,Low,Low,Low
Minty Orzo Lentil and Feta Salad,Medium,Low,Low,False,Medium,Low,Low
Amy's Sensational Summer Salad,High,Medium,Low,False,Low,Medium,Medium
Dill and Shrimp Salad,Medium,Medium,Low,False,Low,High,Low
Drop Dead Delicious Tuna Salad,High,High,Low,False,Low,High,Low
Eastern Rice Salad,Medium,Low,Low,True,Low,Low,Low
Imitation Crabmeat Salad,High,High,Low,False,Low,Low,Medium
Zesty Southern Pasta and Bean Salad,Medium,Low,Medium,True,Medium,Low,Low
Taco Salad with Ranch Dressing,High,Medium,Low,False,Low,Medium,Low
Roasted Asparagus and Yellow Pepper Salad,Medium,Medium,Low,False,Low,Low,Low
"Couscous, Cranberry, and Feta Salad",Medium,Low,Medium,False,Low,Low,Low
Oriental Sesame Slaw,Medium,Medium,Low,False,Low,Low,Low
Fourth of July Potato Salad,Medium,Low,Low,False,Low,Low,Low
Warm Mushroom Salad,Low,Low,Low,True,Low,Low,Low
Spinach Salad with Baked Goat Cheese,High,Medium,Low,False,Low,Low,Low
Fabulous Fruit Salad II,Medium,Low,Low,False,Low,Low,Low
Simple Ranch Chicken Macaroni Salad,Medium,Low,Low,False,Low,Medium,Medium
Crabmeat Salad,Medium,Low,Low,False,Low,Low,Medium
Sushi-Inspired Tuna Salad,High,Medium,Low,False,Low,Medium,Low
Layered Salad,High,High,Low,False,Low,Low,Low
Chickpea Salad,Low,Low,Low,True,Low,Low,Low
Light Avocado Egg Salad,Low,Low,Low,False,Low,Low,Low
Cindy's Turkey Salad,Medium,Low,Low,False,Low,Low,Low
Apple Coleslaw,Low,Low,Low,False,Low,Low,Low
Paige's Feta Slaw,Medium,Medium,Low,False,Low,Low,Low
Pea Salad I,High,High,Low,False,Low,Medium,Low
"Rice, Asparagus and Cucumber Salad",Medium,Low,Low,True,Low,Low,Low
"Apple, Pecan, Cranberry, and Avocado Spinach Salad with Balsamic Dressing",Medium,Low,Low,True,Medium,Low,Low
Black-Eyed Pea Salad II,Medium,Low,Low,False,Low,Low,Low
Red Quinoa and Avocado Salad,Medium,Low,Low,True,Medium,Low,Low
Kristen's Bacon Ranch Potato Salad,High,Medium,Low,False,Low,Medium,Low
Farro Salad with Asparagus and Parmesan,Medium,Low,Low,False,Low,Low,Low
Herbed Rice and Spicy Black Bean Salad,Low,Low,Low,True,Low,Low,Low
Sliced Tomatoes with Fresh Herb Dressing,Low,Low,Low,False,Low,Low,Low
Rosemary Chicken Couscous Salad,High,Medium,Medium,False,Low,Medium,Low
Classic American-Style Potato Salad,Medium,Low,Low,False,Low,Low,Low
"Cucumber, Tomato, and Red Onion Salad",Low,Low,Low,True,Low,Low,Low
Fall Salad with Cranberry Vinaigrette,Medium,Low,Low,False,Medium,Low,Low
Seafood Salad Supreme,High,Medium,Low,False,Low,Medium,Low
Jambalaya Salad,Medium,Low,Low,False,Low,Low,Low
Hawaiian Coleslaw,Low,Low,Low,False,Low,Low,Low
Kecia's Broccoli Salad,High,High,Medium,False,Low,Low,Low
Grilled Asparagus Salad,Low,Low,Low,False,Low,Low,Low
Fruity Couscous Salad,Medium,Low,Low,True,Low,Low,Low
Strawberry and Spinach Salad with Honey Balsamic Vinaigrette,High,Medium,Low,False,Low,Low,Low
Thai Cucumber Tomato Salad,Low,Low,Low,True,Low,Low,Low
Easy Broccoli Salad,Medium,Low,Low,True,Low,Low,Low
Thai Noodle Salad,Medium,Low,Low,False,Low,Low,Low
My Grandma's Cool Cucumber Salad,Low,Low,Low,False,Low,Low,Low
"Creamy Pesto Pasta Salad with Chicken, Asparagus and Cherry Tomatoes",High,Medium,Medium,False,Low,Medium,Medium
Broccoli Salad II,High,High,Medium,False,Low,Medium,Medium
Seafood Salad III,Medium,Low,Low,False,Low,Low,Low
Imitation Crab Salad,High,Medium,Low,False,Low,Low,Medium
Balsamic Vinegar Potato Salad,Medium,Low,Medium,True,Medium,Low,Low
Bean Salad,Medium,Low,Medium,True,Medium,Low,Low
Cilantro Tabouli,Low,Low,Low,True,Low,Low,Low
Avocado and Black Eyed Pea Salsa,Low,Low,Low,True,Low,Low,Low
Buffalo Chicken Pasta Salad,Medium,Low,Low,False,Low,Low,Low
Tomato and Pepper Salad,Low,Low,Low,True,Low,Low,Low
Polynesian Coleslaw,Low,Low,Low,True,Low,Low,Low
Balsamic Green Bean Salad,Low,Low,Low,True,Low,Low,Low
Spicy Cabbage Kimchi,Low,Low,Low,True,Low,Low,Medium
"Roasted Beet, Peach and Goat Cheese Salad",High,High,Low,False,Medium,Medium,Low
Potato Arugula Salad,Low,Low,Low,True,Low,Low,Low
"Chicken, Avocado and Mango Salad",Medium,Low,Low,False,Low,Medium,Low
Apple Blue Cheese Salad,Medium,Medium,Low,False,Low,Low,Low
That Addicting Salad,Medium,Medium,Low,False,Low,Low,Low
"Corn, Sweet Onion, and Tomato Salad",Low,Low,Low,True,Low,Low,Low
Wonderful Chicken Curry Salad,Medium,Medium,Low,False,Low,Medium,Low
Green Bean and Feta Salad,Medium,Low,Low,False,Low,Low,Low
Philly Steak Salad,High,Medium,Medium,False,Low,Medium,Medium
Dilly Potato Salad,Low,Low,Low,False,Low,Low,Low
Artichoke Rice Salad,High,Medium,Low,False,Low,Low,Low
Mom's Shrimp Macaroni Salad,Medium,Low,Low,False,Low,Low,Low
Gazpacho Pasta Salad,Medium,Low,Low,True,Low,Low,Low
Macaroni and Tuna Fish Salad,Medium,Low,Low,False,Low,Low,Low
Broccoli Salad,Low,Low,Low,False,Low,Low,Low
The Ultimate Pasta Salad,High,Low,Low,False,Low,Low,Low
Warm Steak and Potato Salad,Medium,Low,Low,False,Low,Medium,Low
Pear and Pomegranate Salad,Low,Low,Low,True,Low,Low,Low
Tossed Romaine and Orange Salad,Medium,Low,Medium,True,Low,Low,Low
Nell's Cabbage Salad,High,Medium,Low,True,Medium,Low,Low
Southwest Chicken Salad I,Medium,Low,Low,False,Low,Medium,Low
Amby Rae's Cucumber Salad,Medium,Medium,Low,False,Low,Low,Low
"Potato Salad With Bacon, Olives, and Radishes",High,High,Medium,False,Low,Low,Low
Chinese Chicken Salad,High,Medium,Medium,False,Medium,Medium,Low
Chicken Seashell Salad,High,Medium,Low,False,Low,Medium,Low
Cucumber-Watermelon Salad,Low,Low,Low,True,Low,Low,Low
Avocado Salad with Bacon and Sour Cream,Medium,Medium,Low,False,Medium,Low,Low
Spicy Mango Salad,Low,Low,Low,True,Low,Low,Low
Easy Cucumber Salad,Low,Low,Low,True,Low,Low,Low
"Deliciously Sweet Salad with Maple, Nuts, Seeds, Blueberries, and Goat Cheese",Medium,Medium,Low,False,Low,Low,Low
Always A Winner Potato Salad,Medium,Low,Medium,False,Medium,Medium,Medium
Black Bean and Rice Salad,Low,Low,Low,True,Low,Low,Low
Great Chicken Salad,High,Medium,Low,False,Low,Medium,Low
Summer Chicken Salad,Medium,Low,Low,False,Low,Medium,Low
Patty's Pasta Salad,High,Medium,Medium,False,Low,Medium,Medium
Macaroni Salad I,Medium,Low,Low,False,Low,Low,Low
Asian Asparagus Salad with Pecans,Low,Low,Low,True,Low,Low,Low
Strawberry Blue Cheese Salad,Medium,Medium,Low,False,Low,Low,Low
Easy Pea Salad,Medium,Low,Low,False,Low,Low,Low
Mediterranean Orzo Spinach Salad,High,Medium,Low,False,Low,Medium,Low
Grilled Romaine Salad,High,High,Low,True,Low,Low,Low
Company Chicken Pasta Salad with Grapes,High,Low,Medium,False,Low,Medium,Low
Sweet and Sour Zucchini Salad,Medium,Low,Low,True,Low,Low,Low
Asparagus and Tomato Salad with Yogurt-Cheese Dressing,Low,Low,Low,False,Low,Low,Low
Joy's Taco Salad,High,Medium,Medium,False,Medium,Medium,Medium
Spring Sweet Pea Pasta Salad,High,High,Medium,False,Low,Medium,Low
Spinach Salad with Pistachio Chicken,High,Medium,Low,False,Medium,High,Low
Orzo and Shrimp Salad with Asparagus,Medium,Low,Low,False,Low,Medium,Low
Cool Cucumber and Avocado Salad,Low,Low,Low,True,Low,Low,Low
"Bacon, Lettuce, and Tomato Macaroni Salad",Medium,Medium,Low,False,Low,Low,Low
Spicy Black Bean Salad,Medium,Low,Low,True,Medium,Low,Low
Mom's Dill Potato Salad,Medium,Low,Low,False,Low,Low,Low
Greek Veggie Salad II,Medium,Low,Low,False,Low,Low,Low
Asian Cucumber Thai Salad,Low,Low,Low,True,Low,Low,Low
Greek Veggie Salad,Medium,Medium,Low,False,Low,Low,Medium
Italian Tomato Pasta Salad,Low,Low,Low,False,Low,Low,Low
Salad de Colores,Low,Low,Low,True,Low,Low,Low
Grandma's Sweet Slaw,Low,Low,Low,False,Low,Low,Low
Greek Salad V,Low,Low,Low,False,Low,Low,Low
Wonderful Raspberry Walnut Dinner Salad,Low,Low,Low,True,Low,Low,Low
Broccoli Salad I,Low,Low,Low,False,Low,Low,Low
Frog Eyed Salad,High,Low,High,False,Low,Low,Low
Celery Salad,Low,Low,Low,False,Low,Low,Low
Dijon Chicken Salad,High,Medium,Low,False,Low,Medium,Low
Asian Potato Salad,Medium,Low,Low,False,Low,Low,Low
Awesome Summer Watermelon Salad,Medium,Medium,Low,False,Low,Low,Low
Sister Slaw,Low,Low,Low,True,Low,Low,Low
Tuna and Chickpea Salad,Medium,Low,Low,False,Low,Low,Low
"Ranch, Bacon, and Parmesan Pasta Salad",High,Medium,Medium,False,Low,Low,Low
Macaroni and Cheese Salad,High,Medium,Low,False,Low,Low,Low
Wild Rice Salad,Medium,Low,Low,False,Low,Low,Low
Chicken Salad II,Medium,Medium,Low,False,Low,Low,Low
Curried Chicken and Rice Salad,Medium,Low,Low,False,Low,Low,Low
Strawberry-Sauced Crunchy Fruit Salad,High,Medium,Medium,True,Medium,Low,Low
Grilled Orange Vinaigrette Chicken Salad,Medium,Low,Low,False,Low,Low,Low
Mexican Salad,Medium,Low,Low,True,Medium,Low,Low
Cold Green Bean Salad,Low,Low,Low,True,Low,Low,Medium
Summer Salad with Cumin-Crusted Salmon,High,Medium,Low,False,Medium,High,Medium
Gourmet Chicken Salad,Medium,Low,Low,False,Low,Medium,Low
Mediterranean Barley Salad,Medium,Low,Low,True,Low,Low,Low
Summer Tomato Salad,Low,Low,Low,True,Low,Low,Low
Mexican Chicken and Black Bean Salad,High,Low,Medium,False,High,High,High
Korean Salad with Sesame Dressing,Low,Low,Low,True,Low,Low,Low
Cucumber Avocado Salad,Low,Low,Low,True,Low,Low,Low
Roasted New Potato Salad With Olives,Medium,Low,Low,False,Low,Low,Low
Spinach and Goat Cheese Salad with Beetroot Vinaigrette,Low,Low,Low,False,Low,Low,Low
Yummy Couscous Salad,Medium,Low,Low,False,Low,Low,Low
Hot Spinach and Artichoke Salad,Medium,Low,Low,False,Low,Low,Low
Caribbean Crabmeat Salad,Medium,Low,Medium,False,Low,Low,Low
Chinese Chicken Salad II,Medium,Medium,Low,False,Low,Low,Low
Chutney Chicken Salad,Medium,Low,Low,False,Low,Low,Low
Classic Restaurant Caesar Salad,Medium,Medium,Low,False,Low,Low,Low
Cilantro-Lime Coleslaw,Low,Low,Low,False,Low,Low,Low
Spinach Salad II,Medium,Medium,Low,False,Low,Low,Low
Red Salad,Medium,Low,Medium,False,Medium,Low,Low
Simple Potato Salad,High,Medium,Medium,False,Low,Low,Low
Home On The Range Tuna Salad,Medium,Low,Low,False,Low,Medium,Low
Orzo and Wild Rice Salad,High,Medium,Medium,False,Low,Low,Low
Caron's Kickin' Quinoa Salad,Medium,Low,Low,False,Low,Medium,Low
"Cilantro, Avocado, Tomato, and Feta Salad",Low,Low,Low,False,Medium,Low,Low
Beaumont Ranch Potato Salad,High,Medium,Low,False,Low,Low,Low
Gingery Carrot Salad,Low,Low,Low,True,Low,Low,Low
Warm Belgian Endive and Pine Nut Salad,Medium,Low,Low,True,High,Low,Low
Spring Asparagus Salad,Low,Low,Low,True,Low,Low,Low
Flat Iron Steak and Spinach Salad,High,Medium,Low,False,Low,High,Low
Spaghetti Salad I,Medium,Low,Medium,True,Low,Low,Low
Napa Cabbage Noodle Salad,High,High,Low,False,Low,Low,Low
Curry Broccoli Salad,High,Medium,Low,False,Low,Low,Low
Chicken Salad with Couscous,Medium,Low,Low,False,Low,Medium,Low
Chicken Salad,Medium,Medium,Low,False,Low,Medium,Low
Carrot and Raisin Salad I,Medium,Low,Low,False,Low,Low,Low
Easy Asian Pasta Salad,Medium,Low,Medium,True,Low,Low,Medium
"Beet, Orange and Apple Salad",Low,Low,Low,True,Low,Low,Low
Mom's Mustard Style Potato Salad,Medium,Low,Medium,False,Medium,Low,Low
Cucumber Peanut Salad,Low,Low,Low,False,Low,Low,Low
Cucumber Salad,Low,Low,Low,False,Low,Low,Low
Chicken Curry Salad,Medium,Medium,Low,False,Low,Low,Low
Curry Pasta Salad,Medium,Low,Medium,False,Low,Low,Low
Pasta Salad II,High,Low,Medium,False,Low,Low,Low
Spring Salad with Fennel and Orange,Low,Low,Low,True,Low,Low,Low
Pasta Salad a la Honeybear,Medium,Low,Low,False,Low,Low,Medium
Jicama and Pineapple Salad in a Cilantro Vinaigrette,Medium,Low,Medium,True,High,Low,Low
Greek Rice Salad,Medium,Low,Low,False,Low,Low,Low
Avocado-Lime Shrimp Salad (Ensalada de Camarones con Aguacate y Limon),Medium,Low,Low,False,Medium,Medium,Low
Asian Coleslaw Light,Low,Low,Low,False,Low,Low,Low
California Cherry and Walnut Salad,Medium,Low,Low,False,Low,Low,Low
Greek Chicken Salad,Low,Low,Low,False,Low,Medium,Low
Three Pepper Pasta Salad,High,Medium,Medium,False,Low,Low,Low
Salad Nicoise,Medium,Low,Low,False,Low,Medium,Medium
Three Bean Salad II,High,Low,High,False,Medium,Low,Medium
Ham Salad Spread,Medium,Low,Low,False,Low,Low,Low
Thai Salmon Salad,Medium,Low,Low,False,Low,Medium,Low
Salmon Avocado Salad,High,Medium,Low,False,Low,Medium,Low
San Antonio Salad,High,Medium,Medium,False,Medium,Medium,Low
Shieldzini,Low,Low,Low,True,Low,Low,Low
Gourmet Tuna Salad,Medium,Medium,Low,False,Low,Medium,Low
Coleslaw with a Difference!,High,Medium,Low,False,Low,Low,Low
Virgina's Tuna Salad,Medium,Low,Low,False,Low,Medium,Low
Chicken Berry Salad,Medium,Medium,Low,False,Low,Medium,Low
Blue Cheese and Dried Cranberry Tossed Salad,Medium,Low,Low,False,Low,Low,Low
"Fresh Asparagus, Tomato, and Feta Salad",Low,Low,Low,False,Low,Low,Low
Shirazi Salad,Low,Low,Low,True,Low,Low,Low
Cran-Broccoli Salad,Low,Low,Low,True,Low,Low,Low
"Arugula, Fennel, and Orange Salad",Low,Low,Low,True,Low,Low,Low
Curried Tofu Salad,Low,Low,Low,False,Low,Low,Low
Pomegranate Feta Salad with Lemon Dijon Vinaigrette,Medium,Low,Low,False,Low,Low,Low
Tangy Egg Salad Spread,Low,Low,Low,False,Low,Low,Low
Nutty Brown Rice Salad,Medium,Low,Medium,True,Low,Low,Low
Couscous with a Kick!,Medium,Low,Low,False,Low,Low,Low
"Kale, Swiss Chard, Chicken, and Feta Salad",High,High,Low,False,Low,High,Low
Mexican Fiesta Pasta Salad,Medium,Low,Low,False,Low,Low,Low
Tomato Mozzarella Salad,Low,Low,Low,False,Low,Low,Low
Mediterranean Potato Salad,Low,Low,Low,True,Low,Low,Low
Cold Corn Salad,Low,Low,Low,False,Low,Low,Low
Tuna Piccata Pasta Salad,Medium,Medium,Low,False,Low,Medium,Low
Mexican Corn Salad,Low,Low,Low,False,Low,Low,Low
Quick and Easy Thai Style Coleslaw,Low,Low,Low,False,Low,Low,Low
Deb's Cranchick Salad,High,High,Low,False,Low,Medium,Low
Italian Taco Salad,High,Medium,Low,False,Low,Medium,Medium
Mel's Crab Salad,Low,Low,Low,False,Low,Low,Low
Green Pea Salad With Cheese,Medium,Medium,Low,False,Low,Low,Low
Ham and Cheese Salad,Medium,Medium,Low,False,Low,Low,Low
Pasta Salad I,High,Low,High,True,Low,Low,Low
Cranberry Walnut Slaw,Low,Low,Low,False,Low,Low,Low
Mom's Macaroni Salad,Medium,Low,Medium,True,Low,Low,Low
Tuna Piccata Pasta Salad,Medium,Medium,Low,False,Low,Medium,Low
Grandma Sophie's Smashed Potato Salad,High,Medium,Medium,False,Low,Low,Medium
Strawberry Summer Salad,Medium,Low,Low,False,Low,Low,Low
Refreshing Watermelon Salad,Low,Low,Low,False,Low,Low,Low
Chicken Pasta Salad with Cashews and Dried Cranberries,High,High,High,False,Medium,High,Low
Mexican-Style Taco Salad,Medium,Low,Low,False,Medium,Medium,Low
Parrothead Salad,Low,Low,Low,False,Low,Low,Low
Grandma Bellows' Lemony Shrimp Macaroni Salad with Herbs,Medium,Low,Low,False,Low,Low,Low
Fresh Beet Salad,Low,Low,Low,False,Low,Low,Low
Zippy Cucumber Salad,Low,Low,Low,True,Low,Low,Low
Curried Citrus Quinoa with Raisins and Toasted Almonds,Medium,Low,Low,True,Low,Low,Low
Lawn Mower Salad,High,Medium,Medium,True,Low,Low,Low
Chipotle Chicken Salad,Medium,Medium,Low,False,Low,Medium,Low
Fresh Mint and Cilantro Melon Salad,Low,Low,Low,True,Low,Low,Low
'I Hate Cucumbers!' Cucumber Salad,Low,Low,Low,False,Low,Low,Low
Simple Feta Cheese Salad,Low,Low,Low,False,Low,Low,Low
Carole's Sesame Chicken Salad,High,High,Low,False,Low,Low,Low
Macaroni Salad for a Crowd,High,Low,Medium,False,Low,Medium,Low
Shrimp and Avocado Salad,Medium,Medium,Low,False,Medium,Low,Low
Italian Potato Salad,Medium,Low,Medium,True,Low,Low,Low
Pizza Salad I,High,Medium,Low,False,Low,Medium,Medium
Mediterranean Medley Salad,Low,Low,Low,False,Low,Low,Low
Southwestern Caesar Salad,High,Medium,Low,False,Low,High,Medium
Sweet Carrot Salad,Low,Low,Low,False,Low,Low,Low
Basque Salad,Medium,Medium,Low,True,Low,Low,Low
Shrimp Egg Salad,Medium,Low,Low,False,Low,Medium,Low
Corn Salad II,Low,Low,Low,False,Low,Low,Low
Hot Spinach Salad,High,Medium,Low,False,Low,Low,Low
Sweet and Sour Salad,High,High,Low,False,Low,Low,Low
Copper Penny,Medium,Low,Medium,True,Low,Low,Low
Japanese-Style Cabbage Salad,Low,Low,Low,True,Low,Low,Low
Mexican Orzo Salad,High,Low,Medium,True,Medium,Low,Low
Sweet and Tangy Broccoli Salad,Medium,Medium,Low,False,Low,Low,Low
Baked Potato Salad,Medium,Low,Low,False,Low,Low,Low
Cucumber Tomato Salad with Zucchini and Black Olives in Lemon Balsamic Vinaigrette,Medium,Low,Low,True,Low,Low,Low
Caprese Salad with Balsamic Reduction,High,Medium,Low,False,Low,Medium,Low
"Quinoa Salad with Mint, Almonds and Cranberries",High,Low,Medium,False,Medium,Low,Low
"Quinoa Salad with Grapefruit, Avocado, and Arugula",High,Low,Medium,True,Medium,Low,Low
Gurkensalat (German Cucumber Salad),Low,Low,Low,False,Low,Low,Low
Mom's Mashed Potato Salad,Medium,Medium,Low,False,Low,Low,Low
Jenny's Sweet Waldorf Salad,High,Low,Medium,False,Low,Low,Low
Strawberry Fields,High,Medium,Medium,False,Low,Low,Low
Balsamic Roasted Vegetable Salad,Medium,Low,Medium,True,Medium,Low,Low
Three Cheese Green Salad,High,High,Low,False,Low,Medium,Low
Lomi Lomi,Low,Low,Low,False,Low,Low,Low
Mindy's Macaroni Salad,Medium,Low,Medium,False,Low,Low,Low
Sesame Chicken Pasta Salad,High,Low,Medium,False,Low,Medium,Medium
Avocado Watermelon Spinach Salad,High,Medium,Low,True,Medium,Low,Low
Strawberry Spinach Salad III,Low,Low,Low,True,Low,Low,Low
Julie's Chicken Salad,Medium,Medium,Low,False,Low,Low,Low
Popcorn Salad,Medium,Medium,Low,False,Low,Low,Low
Nicoise-Style Tuna Salad With White Beans & Olives,High,Medium,Low,False,Medium,High,Low
Spinach Cantaloupe Salad with Mint,Medium,Medium,Low,True,Medium,Low,Low
Estrellita Salad,High,Medium,Low,False,Low,Low,Low
Tarragon Chicken Salad II,High,Medium,Low,False,Low,Medium,Low
Feta Cheese with Basil Salad,Medium,Low,Low,False,Low,Low,Low
Fabulous Pesto Pasta Salad,High,Medium,Medium,False,Low,Medium,Low
Strawberry Onion Salad,Low,Low,Low,False,Low,Low,Low
"Apple, Beet and Avocado Salad",High,Medium,Low,True,Medium,Low,Low
Hot Chicken Salad II,High,Medium,Low,False,Low,Low,Low
Sunflower Chicken Salad,High,Medium,Low,False,Low,Medium,Low
Rainbow Rotini Salad,Medium,Low,Medium,True,Low,Low,Low
Spinach Ranch Salad,Medium,Low,Low,False,Low,Low,Low
Aztec Salsa,Low,Low,Low,True,Low,Low,Low
Kale Salad,Low,Low,Low,True,Low,Low,Low
Nina's Cucumber Salad,Low,Low,Low,False,Low,Low,Low
Delicious Avocado Egg Salad,Medium,Low,Low,False,Low,Low,Medium
Spring Strawberry Salad with Chicken,Medium,Low,Low,False,Low,Medium,Low
Shrimp and Pasta Shell Salad,High,Medium,Low,False,Low,Low,Low
White Bean Tabbouleh,Low,Low,Low,True,Medium,Low,Low
Apple Snicker Salad,Low,Low,Low,False,Low,Low,Low
Simple Garbanzos,Medium,Low,Low,True,Low,Low,Low
My Sister's Favorite Potato Salad...Ever,Medium,Low,Low,False,Low,Low,Low
Atomic Tuna Salad,Medium,Low,Medium,False,Low,Medium,Low
Artichoke Salad I,High,Medium,Medium,False,Low,Low,Medium
Barley Salad With Almonds And Apricots,Low,Low,Low,False,Low,Low,Low
Strawberry Salad I,Low,Low,Low,False,Low,Low,Low
Wilted Cabbage Salad with Bacon,Low,Low,Low,False,Low,Low,Low
"Asparagus, Orange and Endive Salad",Low,Low,Low,True,Low,Low,Low
Crab and Shrimp Louis,High,Medium,Low,False,Medium,Medium,Low
A Great Pepper Salad,High,High,Low,False,Low,Medium,High
Candy Apple Salad,Medium,Low,Low,False,Low,Low,Low
Waldorf Salad with Walnut Oil Vinaigrette,Medium,Medium,Medium,True,Low,Low,Low
Creamy Crab and Pasta Salad,Medium,Low,Low,False,Low,Medium,Low
Bok Choy Salad,Low,Low,Low,False,Low,Low,Low
Broccoli Salad V,Medium,Medium,Low,False,Low,Low,Low
Pineapple Carrot Salad,Low,Low,Medium,False,Low,Low,Low
Easy Coleslaw,High,High,Medium,True,Medium,Low,Low
Best Apple Salad,Low,Low,Low,True,Medium,Low,Low
Vietnamese Tofu Salad,Low,Low,Low,True,Low,Low,Low
Bleu Cheese Coleslaw,Medium,Low,Low,False,Low,Low,Low
Easy Cold Pasta Salad,Medium,Low,Medium,True,Low,Low,Low
Salmon Salad,Medium,Low,Low,False,Low,Medium,Low
Broccoli Cashew Salad,High,Medium,Low,False,Low,Low,Low
Magnificent Macaroni Salad,High,High,Medium,False,Low,Low,Low
Creamy Kale Salad,Low,Low,Low,False,Low,Low,Low
Original Blue Cheese Coleslaw,Medium,Low,Low,False,Low,Low,Low
Mexican Street Vendor Style Corn Salad,Low,Low,Low,False,Low,Low,Low
Ramen Slaw,Medium,Medium,Low,True,Low,Low,Low
Cucumber Salad With Thai Sweet Chili Vinaigrette,Low,Low,Low,True,Low,Low,Low
"Greek Salad, The Best!",Medium,Medium,Low,False,Low,Low,Low
Tempting Tuna Salad,High,Medium,Low,False,Low,Medium,Low
Cornucopia Salad,Low,Low,Low,False,Low,Low,Low
Mizeria (Polish Cucumber Salad),Low,Low,Low,False,Low,Low,Low
